keyword,url,title,phone,linkedin,twitter,facebook,instagram,contact_page,issues,lead_score,email
hire developer now,https://hiredevnow.com/,,,,,,,,Missing page title; Missing meta description; No contact page link found,-3,
hire developer now,https://hiredeveloper.dev/,Hire Developers | Offshore & Staff Augmentation In 48 Hours,+91 8103094848,https://www.linkedin.com/company/hire-developer-dev/?viewAsMember=true,https://x.com/hiredevcfa,,,https://hiredeveloper.dev/contact-us/,,7,gourav@hiredeveloper.dev
hire developer now,https://www.upwork.com/hire/web-developers/,,,,,,,,,0,
hire developer now,https://lemon.io/,Find and Hire Developers for Startups — Lemon.io — Top 1% Software Developers,,https://www.linkedin.com/company/lemoneyeo/,https://twitter.com/lemoneyeo,https://www.facebook.com/lemoneyeo,https://www.instagram.com/lemoneyeo,,No contact page link found,1,
hire developer now,https://www.twine.net/find/developers/in/chandigarh,,,,,,,,Missing page title; Missing meta description; No contact page link found,-3,
hire developer now,https://theintellify.com/hire-dedicated-developers/,,,,,,,,Missing page title; Missing meta description; No contact page link found,-3,
hire developer now,https://www.fiverr.com/categories/programming-tech,P&T Vertical page,,https://www.linkedin.com/company/fiverr-com,https://twitter.com/fiverr,https://www.facebook.com/Fiverr/,https://www.instagram.com/fiverr/,https://www.fiverr.com/fbs-contact-us?source=footer,Missing meta description,1,
hire developer now,https://ellow.io/hire-developer/,Hire Developer - Building Tech Teams with AI and Top Talent,,https://www.linkedin.com/company/ellowtech,https://x.com/ellowtalents,https://www.facebook.com/ellowtalent,https://www.instagram.com/ellowtalents/,https://ellow.io/about/#contact_us,,5,team@ellow.io
hire developer now,https://tsttechnology.io/hire/developer-in-india,Hire a Developer from India for Any Project,+919825582469,https://www.linkedin.com/company/tst-technology/,,,https://www.instagram.com/tst.technology/,https://tsttechnology.io/contact,,7,contact@tsttechnology.in
need developer immediately,https://in.indeed.com/q-web-developer-l-chandigarh-jobs.html,,,,,,,,,0,
need developer immediately,https://tsttechnology.io/hire/developer-in-india,Hire a Developer from India for Any Project,+919825582469,https://www.linkedin.com/company/tst-technology/,,,https://www.instagram.com/tst.technology/,https://tsttechnology.io/contact,,7,contact@tsttechnology.in
need developer immediately,"https://amarkarthik.in/is-web-development-dead-due-to-ai/#:~:text=Evolution%2C%20Not%20Extinction,problem%2Dsolving%2C%20and%20creativity.",,,,,,,,Missing page title; Missing meta description; No contact page link found,-3,
need developer immediately,"https://www.spaceotechnologies.com/blog/cost-to-hire-software-developer/#:~:text=The%20cost%20of%20hiring%20a%20software%20developer%20can%20range%20from,skills%2C%20experience%2C%20and%20location.",,,,,,,,Missing page title; Missing meta description; No contact page link found,-3,
need developer immediately,https://prodigyfinance.com/resources/blog/indemand-jobs-in-us/,,,,,,,,Missing page title; Missing meta description; No contact page link found,-3,
need developer immediately,"https://dev.to/dev_tips/programming-in-2030-will-devs-still-code-or-just-babysit-ai-51ap#:~:text=We're%20not%20losing%20programming,programming%20was%20ever%20about%20typing.","Programming in 2030: will devs still code, or just babysit AI? - DEV Community",2016 - 2026,https://www.linkedin.com/shareArticle?mini=true&url=https%3A%2F%2Fdev.to%2Fdev_tips%2Fprogramming-in-2030-will-devs-still-code-or-just-babysit-ai-51ap&title=Programming%20in%202030%3A%20will%20devs%20still%20code%2C%20or%20just%20babysit%20AI%3F&summary=Member-only%20story%20AI%20isn%E2%80%99t%20killing%20programming%20it%E2%80%99s%20mutating%20it.%20Here%E2%80%99s%20what%20will%20survive%2C%20what%20will...&source=DEV%20Community,https://twitter.com/intent/tweet?text=%22Programming%20in%202030%3A%20will%20devs%20still%20code%2C%20or%20just%20babysit%20AI%3F%22%20by%20%40DevlinkStudios%20%23DEVCommunity%20https%3A%2F%2Fdev.to%2Fdev_tips%2Fprogramming-in-2030-will-devs-still-code-or-just-babysit-ai-51ap,https://www.facebook.com/sharer.php?u=https%3A%2F%2Fdev.to%2Fdev_tips%2Fprogramming-in-2030-will-devs-still-code-or-just-babysit-ai-51ap,,https://dev.to/contact,,7,hello@pinavida.co.uk
need developer immediately,"https://dev.to/dev_tips/programming-in-2030-will-devs-still-code-or-just-babysit-ai-51ap#:~:text=We're%20not%20losing%20programming,programming%20was%20ever%20about%20typing.","Programming in 2030: will devs still code, or just babysit AI? - DEV Community",2016 - 2026,https://www.linkedin.com/shareArticle?mini=true&url=https%3A%2F%2Fdev.to%2Fdev_tips%2Fprogramming-in-2030-will-devs-still-code-or-just-babysit-ai-51ap&title=Programming%20in%202030%3A%20will%20devs%20still%20code%2C%20or%20just%20babysit%20AI%3F&summary=Member-only%20story%20AI%20isn%E2%80%99t%20killing%20programming%20it%E2%80%99s%20mutating%20it.%20Here%E2%80%99s%20what%20will%20survive%2C%20what%20will...&source=DEV%20Community,https://twitter.com/intent/tweet?text=%22Programming%20in%202030%3A%20will%20devs%20still%20code%2C%20or%20just%20babysit%20AI%3F%22%20by%20%40DevlinkStudios%20%23DEVCommunity%20https%3A%2F%2Fdev.to%2Fdev_tips%2Fprogramming-in-2030-will-devs-still-code-or-just-babysit-ai-51ap,https://www.facebook.com/sharer.php?u=https%3A%2F%2Fdev.to%2Fdev_tips%2Fprogramming-in-2030-will-devs-still-code-or-just-babysit-ai-51ap,,https://dev.to/contact,,7,support@dev.to
need developer immediately,https://www.reddit.com/r/Chandigarh/comments/1pg6r50/fresh_graduate_looking_for_any_fresherfriendly/,,,,,,,,,0,
need developer immediately,https://in.indeed.com/q-immediate-need-developer-jobs.html,,,,,,,,,0,
need developer immediately,https://in.linkedin.com/jobs/developer-jobs-chandigarh,373 Developer jobs in Chandigarh,,https://www.linkedin.com/login?emailAddress=&fromSignIn=&fromSignIn=true&session_redirect=https%3A%2F%2Fin.linkedin.com%2Fjobs%2Fdeveloper-jobs-chandigarh&trk=public_jobs_nav-header-signin,,,,,No contact page link found,0,
need developer immediately,"https://www.glassdoor.co.in/Job/chandigarh-software-developer-jobs-SRCH_IL.0,10_IC2879615_KO11,29.htm",,,,,,,,,0,
looking for developer asap,https://www.upwork.com/hire/software-developers/,,,,,,,,,0,
looking for developer asap,"https://in.indeed.com/q-software-developer-l-chandigarh,-chandigarh-jobs.html",,,,,,,,,0,
looking for developer asap,https://www.naukri.com/developer-jobs-in-chandigarh,,,,,,,,Missing page title; Missing meta description; No contact page link found,-3,
looking for developer asap,https://remote.co/remote-jobs/developer,,,,,,,,,0,
looking for developer asap,https://www.uplers.com/hire-software-developers/,,,,,,,,Missing page title; Missing meta description; No contact page link found,-3,
looking for developer asap,https://in.linkedin.com/jobs/developer-jobs-chandigarh,373 Developer jobs in Chandigarh,,https://www.linkedin.com/login?emailAddress=&fromSignIn=&fromSignIn=true&session_redirect=https%3A%2F%2Fin.linkedin.com%2Fjobs%2Fdeveloper-jobs-chandigarh&trk=public_jobs_nav-header-signin,,,,,No contact page link found,0,
looking for developer asap,https://www.reddit.com/r/cscareerquestions/comments/54uj1p/not_ready_for_developer_job_but_need_a_job_asap/,,,,,,,,,0,
looking for developer asap,https://4geeksacademy.com/us/trends-and-tech/7-hacks-to-land-a-job,,,,,,,,Missing page title; Missing meta description; No contact page link found,-3,
looking for developer asap,https://arc.dev/employer-blog/how-to-find-developers/,How to Find Developers: 20 Expert Tips & Essential Strategies,"2025   
 2026-03-08",https://www.linkedin.com/company/arcdotdev,https://twitter.com/arcdotdev,https://www.facebook.com/arcdotdev,https://www.instagram.com/arcdotdev/,,No contact page link found,6,support@arc.dev
