source,keyword,niche,city,name,address,phone,whatsapp_number,has_whatsapp,website,rating,reviews,category,email,linkedin,twitter,facebook,instagram,contact_page,issues,lead_score
Google Maps,hire freelance web developer,Website designer,Street No.2,"Freelance web designer in Chandigarh, India","
482, Street No.2, Phase 3B-1, Sector 60, Sahibzada Ajit Singh Nagar, Punjab 160059","
098880 24599",9888024599,true,https://www.freelancewebdesignerindia.in/,4.8,19,Website designer,admin@creativejunkyard.in,,,,,https://www.freelancewebdesignerindia.in/p/contact.html,Slow page load (3.6s),13
Google Maps,hire freelance web developer,Website designer,Street No.2,"Freelance web designer in Chandigarh, India","
482, Street No.2, Phase 3B-1, Sector 60, Sahibzada Ajit Singh Nagar, Punjab 160059","
098880 24599",9888024599,true,https://www.freelancewebdesignerindia.in/,4.8,19,Website designer,devender191@gmail.com,,,,,https://www.freelancewebdesignerindia.in/p/contact.html,Slow page load (3.6s),13
Google Maps,hire freelance web developer,Website designer,sector-39c,"Best freelancer, graphic designer, web designer services in chandigarh","
2549, sector-39c, Sector 39, Chandigarh, Punjab 160036","
075298 02627",1184720131,true,https://www.google.com/maps/contrib/114569571155189667603?hl=en-IN,4.9,59,Website designer,,,,,,,No contact page link found; No clear call-to-action (CTA),10
Google Maps,hire freelance web developer,Website designer,Plot F-301,Brandclever,"
Bansal Tower 2, Plot F-301, Phase 8B, Industrial Area, Sector 74, Sahibzada Ajit Singh Nagar, Punjab 140307","
098727 11866",,false,https://brandclever.in/,4.3,51,Website designer,,,,,,,Website unreachable (DNS lookup failed),7
Google Maps,hire freelance web developer,Website designer,Industrial Area,Aron Web Solutions Pvt. Ltd.,"
F 177 4th Floor, Industrial Area, Sector 74, Sahibzada Ajit Singh Nagar, Punjab 140307","
06284 758 664",916284758664,true,https://aronwebsolutions.com/,4.7,129,Website designer,hr@aronwebsolutions.com,https://in.linkedin.com/company/aron-web-solutions,https://manage.wix.com/marketplace/wix-partner/aron-web-solutions,https://www.facebook.com/aronwebsolutions/,https://www.instagram.com/aron_web_solutions_pvt_ltd/,https://www.aronwebsolutions.com/contact-us,Slow page load (5.9s),15
Google Maps,hire freelance web developer,Website designer,Industrial Area,Aron Web Solutions Pvt. Ltd.,"
F 177 4th Floor, Industrial Area, Sector 74, Sahibzada Ajit Singh Nagar, Punjab 140307","
06284 758 664",916284758664,true,https://aronwebsolutions.com/,4.7,129,Website designer,sales@aronwebsolutions.com,https://in.linkedin.com/company/aron-web-solutions,https://manage.wix.com/marketplace/wix-partner/aron-web-solutions,https://www.facebook.com/aronwebsolutions/,https://www.instagram.com/aron_web_solutions_pvt_ltd/,https://www.aronwebsolutions.com/contact-us,Slow page load (5.9s),15
Google Maps,hire freelance web developer,Website designer,Industrial Area,Aron Web Solutions Pvt. Ltd.,"
F 177 4th Floor, Industrial Area, Sector 74, Sahibzada Ajit Singh Nagar, Punjab 140307","
06284 758 664",916284758664,true,https://aronwebsolutions.com/,4.7,129,Website designer,sunil@aronwebsolutions.com,https://in.linkedin.com/company/aron-web-solutions,https://manage.wix.com/marketplace/wix-partner/aron-web-solutions,https://www.facebook.com/aronwebsolutions/,https://www.instagram.com/aron_web_solutions_pvt_ltd/,https://www.aronwebsolutions.com/contact-us,Slow page load (5.9s),15
